-- =====================================================
-- RADAR 2.0 - DADOS INICIAIS (SEED)
-- =====================================================
-- Execute após o script de reset completo
-- =====================================================

-- =====================================================
-- DADOS DE MICROREGIÕES (BASE GEOGRÁFICA)
-- =====================================================

INSERT INTO public.microregioes (id, nome, municipios) VALUES
('almenara', 'Almenara', ARRAY['Almenara', 'Bandeira', 'Divisópolis', 'Felisburgo', 'Jacinto', 'Monte Formoso', 'Rio do Prado', 'Rubim', 'Salto da Divisa', 'Santa Maria do Salto', 'Santo Antônio do Jacinto']),
('aracuai', 'Araçuaí', ARRAY['Araçuaí', 'Berilo', 'Caraí', 'Coronel Murta', 'Engenheiro Schnoor', 'Francisco Badaró', 'Jenipapo de Minas', 'José Gonçalves de Minas', 'Novo Cruzeiro', 'Padre Paraíso', 'Poté']),
('capelinha', 'Capelinha', ARRAY['Angelândia', 'Aricanduva', 'Capelinha', 'Carbonita', 'Chapada do Norte', 'Franciscópolis', 'Itamarandiba', 'Jenipapo dos Vieiras', 'José Gonçalves de Minas', 'Leme do Prado', 'Minas Novas', 'Novo Cruzeiro', 'Turmalina', 'Veredinha']),
('diamantina', 'Diamantina', ARRAY['Angelândia', 'Araçuaí', 'Berilo', 'Capelinha', 'Carbonita', 'Couto de Magalhães de Minas', 'Datas', 'Diamantina', 'Felício dos Santos', 'Gouveia', 'Itamarandiba', 'Jacinto', 'Jequitaí', 'José Gonçalves de Minas', 'Leme do Prado', 'Minas Novas', 'Monjolos', 'Monte Formoso', 'Rio do Prado', 'Rubim', 'Salto da Divisa', 'Santa Maria do Salto', 'Santo Antônio do Jacinto', 'São Gonçalo do Rio Preto', 'Senador Modestino Gonçalves', 'Serro', 'Turmalina', 'Veredinha']),
('governador_valadares', 'Governador Valadares', ARRAY['Almenara', 'Araçuaí', 'Bandeira', 'Berilo', 'Capelinha', 'Carbonita', 'Caraí', 'Chapada do Norte', 'Coronel Murta', 'Divisópolis', 'Engenheiro Schnoor', 'Felício dos Santos', 'Felisburgo', 'Francisco Badaró', 'Franciscópolis', 'Gouveia', 'Itamarandiba', 'Jacinto', 'Jenipapo de Minas', 'Jenipapo dos Vieiras', 'José Gonçalves de Minas', 'Leme do Prado', 'Minas Novas', 'Monjolos', 'Monte Formoso', 'Novo Cruzeiro', 'Padre Paraíso', 'Poté', 'Rio do Prado', 'Rubim', 'Salto da Divisa', 'Santa Maria do Salto', 'Santo Antônio do Jacinto', 'São Gonçalo do Rio Preto', 'Senador Modestino Gonçalves', 'Serro', 'Turmalina', 'Veredinha']),
('ituiutaba', 'Ituiutaba', ARRAY['Água Boa', 'Água Comprida', 'Araxá', 'Campos Altos', 'Canápolis', 'Capinópolis', 'Carneirinho', 'Centralina', 'Conceição das Alagoas', 'Conquista', 'Delta', 'Frutal', 'Gurinhatã', 'Iraí de Minas', 'Ituiutaba', 'Iturama', 'Limeira do Oeste', 'Nova Ponte', 'Perdizes', 'Pirajuba', 'Planura', 'Prata', 'Santa Vitória', 'São Francisco de Sales', 'Tapira', 'Uberaba', 'Uberlândia', 'União de Minas', 'Veríssimo']),
('janauba', 'Janaúba', ARRAY['Bonito de Minas', 'Brasilândia de Minas', 'Chapada Gaúcha', 'Claro dos Poções', 'Coco Verde', 'Espinosa', 'Gameleiras', 'Ibiaí', 'Ibiracatu', 'Itaobim', 'Janaúba', 'Januária', 'Manga', 'Matias Cardoso', 'Mirabela', 'Montalvânia', 'Monte Azul', 'Nova Porteirinha', 'Pai Pedro', 'Paracatu', 'Pedras de Maria da Cruz', 'Pintópolis', 'Pirapora', 'Ponto Chique', 'Porteirinha', 'Riacho dos Machados', 'Rio Pardo de Minas', 'São João das Missões', 'São João do Pacuí', 'São Romão', 'Serrano do Maranhão', 'Ubaí', 'Unaí', 'Urucuia', 'Varzelândia', 'Várzea da Palma']),
('juiz_de_fora', 'Juiz de Fora', ARRAY['Andrelândia', 'Aracitaba', 'Araporã', 'Belmiro Braga', 'Bias Fortes', 'Bicas', 'Bom Jardim de Minas', 'Chácara', 'Chiador', 'Coronel Pacheco', 'Descoberto', 'Dona Euzébia', 'Goianá', 'Guarará', 'Guarani', 'Juiz de Fora', 'Lima Duarte', 'Mar de Espanha', 'Maripá de Minas', 'Matias Barbosa', 'Mercês', 'Olaria', 'Oliveira Fortes', 'Paiva', 'Pedro Teixeira', 'Piau', 'Pouso Alegre', 'Rio Novo', 'Rio Preto', 'Santa Bárbara do Tugúrio', 'Santa Rita de Jacutinga', 'Santana do Deserto', 'Santos Dumont', 'São João Nepomuceno', 'Senador Cortes', 'Simão Pereira', 'Tombos', 'Turvolândia', 'Vieiras']),
('montes_claros', 'Montes Claros', ARRAY['Augustinópolis', 'Bocaiúva', 'Botumirim', 'Brasilândia de Minas', 'Brasília de Minas', 'Campo Azul', 'Capim Branco', 'Coração de Jesus', 'Cristália', 'Engenheiro Navarro', 'Francisco Dumont', 'Francisco Sá', 'Fruta de Leite', 'Gameleiras', 'Glaucilândia', 'Grão Mogol', 'Ibiaí', 'Ibiracatu', 'Icaraí de Minas', 'Inimutaba', 'Itacambira', 'Itapagipe', 'Japonvar', 'Japurá', 'Joaquim Felício', 'Josenópolis', 'Juramento', 'Lagoa dos Patos', 'Lontra', 'Luislândia', 'Mirabela', 'Miravânia', 'Montalvânia', 'Monte Azul', 'Montes Claros', 'Natalândia', 'Nova Porteirinha', 'Novorizonte', 'Olhos d''Água', 'Pavão', 'Pirapora', 'Ponto Chique', 'Porteirinha', 'Riacho dos Machados', 'Rio Pardo de Minas', 'São Francisco', 'São João da Lagoa', 'São João da Ponte', 'São João das Missões', 'São João do Pacuí', 'São Romão', 'Taiobeiras', 'Ubaí', 'Varzelândia', 'Várzea da Palma']),
('patos_de_minas', 'Patos de Minas', ARRAY['Abadia dos Dourados', 'Abaeté', 'Araújos', 'Arinos', 'Biquinhas', 'Bom Despacho', 'Braúnas', 'Buritis', 'Cabeceira Grande', 'Carmo do Paranaíba', 'Cedro do Abaeté', 'Chapada Gaúcha', 'Coromandel', 'Cruzeiro da Fortaleza', 'Diamantina', 'Dores do Indaiá', 'Estrela do Indaiá', 'Estrela do Sul', 'Felixlândia', 'Formoso', 'Grupiara', 'Guarda-Mor', 'Guimarânia', 'Ibiá', 'Indianópolis', 'Iraí de Minas', 'Itapagipe', 'Japonvar', 'João Pinheiro', 'Josenópolis', 'Juramento', 'Lagamar', 'Lagoa Formosa', 'Lagoa Grande', 'Lagoa dos Patos', 'Lassance', 'Luislândia', 'Matutina', 'Miravânia', 'Monjolos', 'Monte Carmelo', 'Natalândia', 'Nova Serrana', 'Novo Horizonte', 'Olhos d''Água', 'Onça de Pitangui', 'Paracatu', 'Patos de Minas', 'Pedrinópolis', 'Pequi', 'Pianço', 'Piumhi', 'Pratinha', 'Presidente Olegário', 'Rio Paranaíba', 'Romaria', 'Sacramento', 'Santa Juliana', 'Santa Rosa da Serra', 'São Francisco de Sales', 'São Gonçalo do Abaeté', 'São Gotardo', 'São João da Ponte', 'São Sebastião do Oeste', 'Serra do Salitre', 'Tiros', 'Tupaciguara', 'Unaí', 'Urucuia', 'Vazante', 'Várzea da Palma']),
('poços_de_caldas', 'Poços de Caldas', ARRAY['Albertina', 'Andradas', 'Areado', 'Bandeira do Sul', 'Belmonte', 'Botelhos', 'Cabo Verde', 'Cachoeira de Minas', 'Caldas', 'Cambuí', 'Camanducaia', 'Campanha', 'Campestre', 'Campos do Jordão', 'Cananéia', 'Capetinga', 'Capitólio', 'Carmo da Cachoeira', 'Carmo de Minas', 'Carmo do Rio Claro', 'Cassia', 'Conceição da Aparecida', 'Conceição das Pedras', 'Conceição dos Ouros', 'Congonhal', 'Conselheiro Lafaiete', 'Cordislândia', 'Cristais', 'Delta', 'Delfim Moreira', 'Divisa Nova', 'Dom Viçoso', 'Elói Mendes', 'Espírito Santo do Dourado', 'Estiva', 'Extrema', 'Gonçalves', 'Guapé', 'Guaranésia', 'Guaxupé', 'Ibiraci', 'Ibitiúra de Minas', 'Igaratinga', 'Ijaci', 'Ilhabela', 'Ilópolis', 'Inconfidentes', 'Ipuiúna', 'Itabirito', 'Itajubá', 'Itamogi', 'Itanhandu', 'Itapecerica', 'Itapeva', 'Itatiaiuçu', 'Itaú de Minas', 'Itutinga', 'Jacuí', 'Jacutinga', 'Jesuânia', 'Juruaia', 'Lambari', 'Lavras', 'Livramento', 'Lorena', 'Macaia', 'Machado', 'Maria da Fé', 'Minduri', 'Monsenhor Paulo', 'Monte Alegre de Minas', 'Monte Belo', 'Monte Santo de Minas', 'Muzambinho', 'Natalândia', 'Natércia', 'Nepomuceno', 'Nova Resende', 'Olímpio Noronha', 'Ouro Fino', 'Paraguaçu', 'Paraisópolis', 'Passa Quatro', 'Passa Tempo', 'Passos', 'Pedralva', 'Piedade do Rio Grande', 'Pimenta', 'Piranguçu', 'Piranguinho', 'Pirapetinga', 'Poços de Caldas', 'Pouso Alegre', 'Prados', 'Quartel Geral', 'Queluzito', 'Resende Costa', 'Ribeirão Vermelho', 'Rio Manso', 'Sacramento', 'Santa Rita de Caldas', 'Santa Rita do Sapucaí', 'Santa Rosa de Viterbo', 'Santo Antônio do Amparo', 'Santo Antônio do Jardim', 'São Bento Abade', 'São Gonçalo do Sapucaí', 'São João Batista do Glória', 'São João da Mata', 'São José do Alegre', 'São Lourenço', 'São Pedro da União', 'São Roque de Minas', 'São Sebastião da Bela Vista', 'São Sebastião do Paraíso', 'São Sebastião do Rio Preto', 'São Thomé das Letras', 'São Tiago', 'Sapucaí-Mirim', 'Senador Amaral', 'Senador José Bento', 'Seritinga', 'Silvianópolis', 'Soledade de Minas', 'Tambaú', 'Taparuba', 'Tiradentes', 'Tocos do Moji', 'Toledo', 'Três Corações', 'Três Pontas', 'Turvolândia', 'Varginha', 'Virgínia', 'Wenceslau Braz']),
('teofilo_otoni', 'Teófilo Otoni', ARRAY['Águas Formosas', 'Almenara', 'Araçuaí', 'Aricanduva', 'Bandeira', 'Berilo', 'Bertópolis', 'Caraí', 'Carlos Chagas', 'Catuji', 'Couto de Magalhães de Minas', 'Crisólita', 'Divisópolis', 'Felício dos Santos', 'Felisburgo', 'Francisco Badaró', 'Frei Gaspar', 'Frei Inocêncio', 'Fronteira dos Vales', 'Itaipé', 'Itaobim', 'Jacinto', 'Jequitaí', 'João Amaro', 'José Gonçalves de Minas', 'Ladainha', 'Malacacheta', 'Mata Verde', 'Monte Formoso', 'Nanuque', 'Nova Módica', 'Novo Oriente de Minas', 'Ouro Verde de Minas', 'Padre Paraíso', 'Palmópolis', 'Pescador', 'Ponte Nova', 'Poté', 'Rio do Prado', 'Rubim', 'Salto da Divisa', 'Santa Helena de Minas', 'Santa Maria do Salto', 'Santo Antônio do Jacinto', 'São João do Manteninha', 'São José da Safira', 'São José do Divino', 'São José do Jacuri', 'São Pedro dos Ferros', 'Setubinha', 'Teófilo Otoni', 'Umburatiba', 'Vargem Grande do Rio Pardo', 'Virgem da Lapa']),
('timoteo', 'Timóteo', ARRAY['Açucena', 'Água Boa', 'Águas Formosas', 'Águas Vermelhas', 'Aimorés', 'Alpercata', 'Antônio Dias', 'Araçuaí', 'Aracitaba', 'Araguari', 'Araponga', 'Araporã', 'Arapuá', 'Araújos', 'Areado', 'Barão de Cocais', 'Barão de Monte Alto', 'Bela Vista de Minas', 'Belmonte', 'Berilo', 'Bertópolis', 'Bicas', 'Bocaiúva', 'Bom Jesus do Amparo', 'Bonito de Minas', 'Braúnas', 'Bugre', 'Cabo Verde', 'Cachoeira de Minas', 'Caetanópolis', 'Campina Verde', 'Campo Belo', 'Campo Florido', 'Campos Altos', 'Cananéia', 'Capelinha', 'Capim Branco', 'Capinópolis', 'Capitão Enéas', 'Carandaí', 'Caraí', 'Carbonita', 'Carmo da Mata', 'Carmo do Cajuru', 'Carmo do Paranaíba', 'Carmo do Rio Claro', 'Carmópolis de Minas', 'Carneirinho', 'Catas Altas', 'Catas Altas da Noruega', 'Chapada do Norte', 'Chapada Gaúcha', 'Chiador', 'Cipotânea', 'Claro dos Poções', 'Coração de Jesus', 'Corinto', 'Coronel Fabriciano', 'Coronel Murta', 'Cristália', 'Crucilândia', 'Divino', 'Divinópolis', 'Divisa Alegre', 'Divisa Nova', 'Dom Cavati', 'Dom Joaquim', 'Dores do Indaiá', 'Engenheiro Caldas', 'Engenheiro Navarro', 'Entre Folhas', 'Entre Rios de Minas', 'Esmeraldas', 'Espera Feliz', 'Espinosa', 'Estrela do Indaiá', 'Felixlândia', 'Fernandes Tourinho', 'Fervedouro', 'Florestal', 'Formiga', 'Fortuna de Minas', 'Francisco Badaró', 'Francisco Dumont', 'Francisco Sá', 'Franciscópolis', 'Frei Gaspar', 'Frei Inocêncio', 'Fronteira dos Vales', 'Frutal', 'Galiléia', 'Gameleiras', 'Gonçalves', 'Governador Valadares', 'Grão Mogol', 'Guaçuí', 'Guanhães', 'Guapé', 'Guaranésia', 'Guarará', 'Guarani', 'Guarda-Mor', 'Guaxupé', 'Guidoval', 'Guimarânia', 'Iapu', 'Ibiaí', 'Ibiracatu', 'Ibitiúra de Minas', 'Ibituruna', 'Icaraí de Minas', 'Igarapé', 'Igaratinga', 'Iguatama', 'Ijaci', 'Ilicínea', 'Inhapim', 'Inimutaba', 'Ipaba', 'Ipatinga', 'Iraí de Minas', 'Itabira', 'Itabirito', 'Itacarambi', 'Itaguara', 'Itaipé', 'Itajubá', 'Itamarandiba', 'Itambacuri', 'Itambé do Mato Dentro', 'Itanhomi', 'Itaobim', 'Itapagipe', 'Itapecerica', 'Itapeva', 'Itatiaiuçu', 'Itaúna', 'Itautinga', 'Itinga', 'Itueta', 'Ituiutaba', 'Iturama', 'Jaboticatubas', 'Jacinto', 'Jacuí', 'Jaguaraçu', 'Jampruca', 'Janaúba', 'Januária', 'Japaraíba', 'Japonvar', 'Jaíba', 'Jeceaba', 'Jequitaí', 'Jequitibá', 'Jequitinhonha', 'Jesuânia', 'João Monlevade', 'João Pinheiro', 'Joaíma', 'Joaquim Felício', 'Jordânia', 'José Gonçalves de Minas', 'Josenópolis', 'Juatuba', 'Juiz de Fora', 'Ladainha', 'Lagoa da Prata', 'Lagoa dos Patos', 'Lagoa Formosa', 'Lagoa Grande', 'Lagoa Santa', 'Lajinha', 'Lambari', 'Lamim', 'Lassance', 'Leandro Ferreira', 'Leme do Prado', 'Lima Duarte', 'Luz', 'Machacalis', 'Malacacheta', 'Manga', 'Manhuaçu', 'Manhumirim', 'Mantena', 'Mar de Espanha', 'Maravilhas', 'Mariana', 'Martinópolis', 'Mata Verde', 'Mateus Leme', 'Matias Barbosa', 'Matias Cardoso', 'Mato Verde', 'Matozinhos', 'Matutina', 'Medina', 'Mesquita', 'Minas Novas', 'Minduri', 'Mirabela', 'Miradouro', 'Miraí', 'Miravânia', 'Moeda', 'Moema', 'Monjolos', 'Monte Alegre de Minas', 'Monte Azul', 'Monte Belo', 'Monte Carmelo', 'Monte Santo de Minas', 'Montes Claros', 'Morada Nova de Minas', 'Morro da Garça', 'Muriaé', 'Mutum', 'Muzambinho', 'Nacip Raydan', 'Nanuque', 'Natércia', 'Nazareno', 'Nepomuceno', 'Ninheira', 'Nova Era', 'Nova Lima', 'Nova Módica', 'Nova Ponte', 'Nova Porteirinha', 'Nova Serrana', 'Nova União', 'Novo Cruzeiro', 'Novo Horizonte', 'Novo Oriente de Minas', 'Olaria', 'Olhos d''Água', 'Oliveira', 'Oratórios', 'Orizânia', 'Ouro Branco', 'Ouro Fino', 'Ouro Preto', 'Ouro Verde de Minas', 'Padre Carvalho', 'Padre Paraíso', 'Pai Pedro', 'Pains', 'Palma', 'Palmópolis', 'Papagaios', 'Pará de Minas', 'Paracatu', 'Paraguaçu', 'Paraisópolis', 'Paraopeba', 'Passa Tempo', 'Passos', 'Patis', 'Patos de Minas', 'Patrocínio', 'Paula Cândido', 'Paulistas', 'Pavão', 'Peçanha', 'Pedra Azul', 'Pedra Bonita', 'Pedra do Anta', 'Pedra do Indaiá', 'Pedralva', 'Pedras de Maria da Cruz', 'Pedrinópolis', 'Pedro Leopoldo', 'Pedro Teixeira', 'Pequi', 'Perdigão', 'Perdizes', 'Pescador', 'Piau', 'Piedade de Caratinga', 'Piedade de Ponte Nova', 'Piedade do Rio Grande', 'Pimenta', 'Pintópolis', 'Piracema', 'Piranga', 'Piranguçu', 'Piranguinho', 'Pirapetinga', 'Pirapora', 'Piratininga', 'Piumhi', 'Planura', 'Poço Fundo', 'Poços de Caldas', 'Ponte Nova', 'Ponto Chique', 'Ponto dos Volantes', 'Porteirinha', 'Porto Firme', 'Poté', 'Pouso Alegre', 'Prados', 'Prata', 'Pratinha', 'Pratápolis', 'Presidente Juscelino', 'Presidente Kubitschek', 'Presidente Olegário', 'Queluzito', 'Raposos', 'Resende Costa', 'Resplendor', 'Ressaquinha', 'Riachinho', 'Riacho dos Machados', 'Ribeirão das Neves', 'Ribeirão Vermelho', 'Rio Acima', 'Rio Casca', 'Rio Doce', 'Rio Espera', 'Rio Manso', 'Rio Novo', 'Rio Paranaíba', 'Rio Pardo de Minas', 'Rio Piracicaba', 'Rio Pomba', 'Rio Preto', 'Ritápolis', 'Rochedo de Minas', 'Rubim', 'Rubim', 'Sabará', 'Sabinópolis', 'Sacramento', 'Salinas', 'Salto da Divisa', 'Santa Bárbara', 'Santa Bárbara do Leste', 'Santa Bárbara do Tugúrio', 'Santa Cruz do Escalvado', 'Santa Efigênia de Minas Gerais', 'Santa Helena de Minas', 'Santa Juliana', 'Santa Luzia', 'Santa Margarida', 'Santa Maria de Itabira', 'Santa Maria do Salto', 'Santa Maria do Suaçuí', 'Santa Rita de Caldas', 'Santa Rita de Jacutinga', 'Santa Rita de Minas', 'Santa Rita do Sapucaí', 'Santa Rosa da Serra', 'Santa Vitória', 'Santana da Vargem', 'Santana de Cataguases', 'Santana de Pirapama', 'Santana do Deserto', 'Santana do Jacaré', 'Santana do Manhuaçu', 'Santana do Paraíso', 'Santana do Riacho', 'Santana dos Montes', 'Santo Antônio da Fortaleza', 'Santo Antônio do Amparo', 'Santo Antônio do Aventureiro', 'Santo Antônio do Grama', 'Santo Antônio do Itambé', 'Santo Antônio do Jacinto', 'Santo Antônio do Monte', 'Santo Antônio do Retiro', 'Santo Antônio do Rio Abaixo', 'Santo Domingo', 'Santo Hipólito', 'São Bento Abade', 'São Brás do Suaçuí', 'São Domingos das Dores', 'São Domingos do Prata', 'São Francisco', 'São Francisco de Paula', 'São Francisco de Sales', 'São Francisco do Glória', 'São Geraldo', 'São Geraldo da Piedade', 'São Geraldo do Baixio', 'São Gonçalo do Abaeté', 'São Gonçalo do Pará', 'São Gonçalo do Rio Abaixo', 'São Gonçalo do Rio Preto', 'São Gonçalo do Sapucaí', 'São Gotardo', 'São João Batista do Glória', 'São João da Lagoa', 'São João da Mata', 'São João da Ponte', 'São João das Missões', 'São João del-Rei', 'São João do Manhuaçu', 'São João do Manteninha', 'São João do Oriente', 'São João do Pacuí', 'São João do Paraíso', 'São João Evangelista', 'São João Nepomuceno', 'São Joaquim de Bicas', 'São José da Lapa', 'São José da Safira', 'São José da Varginha', 'São José do Alegre', 'São José do Divino', 'São José do Goiabal', 'São José do Jacuri', 'São José do Mantimento', 'São Pedro da União', 'São Pedro dos Ferros', 'São Romão', 'São Roque de Minas', 'São Sebastião da Bela Vista', 'São Sebastião da Vargem Alegre', 'São Sebastião do Anta', 'São Sebastião do Maranhão', 'São Sebastião do Oeste', 'São Sebastião do Paraíso', 'São Sebastião do Rio Preto', 'São Sebastião do Rio Verde', 'São Tiago', 'São Thomé das Letras', 'São Tiago', 'São Tomás de Aquino', 'São Vicente de Minas', 'Sapucaí-Mirim', 'Sapucaia', 'Sarzedo', 'Sem-Peixe', 'Senador Amaral', 'Senador Cortes', 'Senador Firmino', 'Senador José Bento', 'Senador Modestino Gonçalves', 'Senhora de Oliveira', 'Senhora do Porto', 'Senhora dos Remédios', 'Seritinga', 'Serra Azul de Minas', 'Serra da Saudade', 'Serra do Salitre', 'Serra dos Aimorés', 'Serrania', 'Serrano do Maranhão', 'Serranos', 'Serro', 'Sete Lagoas', 'Setubinha', 'Silveirânia', 'Silvianópolis', 'Simonésia', 'Sobrália', 'Soledade de Minas', 'Tabuleiro', 'Taiobeiras', 'Tapira', 'Tapiraí', 'Taquaraçu de Minas', 'Tarumirim', 'Teixeiras', 'Teófilo Otoni', 'Timóteo', 'Tiradentes', 'Tiros', 'Tocantins', 'Tocos do Moji', 'Toledo', 'Tombos', 'Três Corações', 'Três Marias', 'Três Pontas', 'Tumiritinga', 'Tupaciguara', 'Turmalina', 'Turvolândia', 'Ubá', 'Ubaí', 'Ubaporanga', 'Uberaba', 'Uberlândia', 'Umburatiba', 'Unaí', 'União de Minas', 'Uruana de Minas', 'Urucuia', 'Vargem Alegre', 'Vargem Bonita', 'Vargem Grande do Rio Pardo', 'Varginha', 'Varjão de Minas', 'Várzea da Palma', 'Varzelândia', 'Vazante', 'Verdelândia', 'Veredinha', 'Veríssimo', 'Vermelho Novo', 'Vespasiano', 'Viçosa', 'Vieiras', 'Virgem da Lapa', 'Virgínia', 'Virginópolis', 'Virgolândia', 'Visconde do Rio Branco', 'Volta Grande', 'Wenceslau Braz']),
('uba', 'Ubá', ARRAY['Antônio Prado de Minas', 'Aracitaba', 'Arantina', 'Araponga', 'Araporã', 'Arapuá', 'Barão de Monte Alto', 'Barbacena', 'Barroso', 'Belmiro Braga', 'Bicas', 'Bias Fortes', 'Bom Jardim de Minas', 'Carandaí', 'Carangola', 'Carlos Chagas', 'Carmo da Mata', 'Carmo do Cajuru', 'Carmo do Rio Claro', 'Catas Altas da Noruega', 'Chiador', 'Chácara', 'Conceição da Barra de Minas', 'Conceição do Mato Dentro', 'Conselheiro Lafaiete', 'Coronel Pacheco', 'Coronel Xavier Chaves', 'Delfim Moreira', 'Descoberto', 'Dionísio', 'Divino', 'Divinópolis', 'Dona Euzébia', 'Entre Rios de Minas', 'Ervália', 'Espera Feliz', 'Ewbank da Câmara', 'Fervedouro', 'Goianá', 'Gouveia', 'Guaraciaba', 'Guarará', 'Guarani', 'Guidoval', 'Ibertioga', 'Itabirito', 'Itamarati de Minas', 'Itaúna', 'Itutinga', 'Jacutinga', 'Japaraíba', 'João Monlevade', 'Juiz de Fora', 'Lagoa Dourada', 'Lagoa Santa', 'Lajinha', 'Lambari', 'Lima Duarte', 'Mar de Espanha', 'Maravilhas', 'Mariana', 'Maripá de Minas', 'Mário Campos', 'Martinho Campos', 'Mateus Leme', 'Matias Barbosa', 'Mercês', 'Minduri', 'Miradouro', 'Miraí', 'Moeda', 'Moema', 'Nazareno', 'Nepomuceno', 'Olaria', 'Oliveira', 'Oratórios', 'Ouro Branco', 'Ouro Preto', 'Palma', 'Papagaios', 'Paraopeba', 'Passa Vinte', 'Pedro Leopoldo', 'Pedro Teixeira', 'Pequeri', 'Perdigão', 'Piedade do Rio Grande', 'Pimenta', 'Piranga', 'Piranésia', 'Prados', 'Quartel Geral', 'Queluzito', 'Recreio', 'Resende Costa', 'Ressaquinha', 'Rio Acima', 'Rio Casca', 'Rio Doce', 'Rio Novo', 'Rio Pomba', 'Rio Preto', 'Ritápolis', 'Rochedo de Minas', 'Santa Bárbara', 'Santa Bárbara do Leste', 'Santa Bárbara do Monte Verde', 'Santa Bárbara do Tugúrio', 'Santa Cruz de Minas', 'Santa Cruz do Escalvado', 'Santa Efigênia de Minas Gerais', 'Santa Luzia', 'Santa Margarida', 'Santa Maria de Itabira', 'Santa Rita de Jacutinga', 'Santa Rita de Minas', 'Santana da Vargem', 'Santana de Cataguases', 'Santana de Pirapama', 'Santana do Deserto', 'Santana do Manhuaçu', 'Santana do Riacho', 'Santana dos Montes', 'Santo Antônio do Amparo', 'Santo Antônio do Rio Abaixo', 'Santo Antônio do Rio Abaixo', 'Santo Hipólito', 'São Bento Abade', 'São Brás do Suaçuí', 'São Domingos das Dores', 'São Domingos do Prata', 'São Francisco de Paula', 'São Francisco de Sales', 'São Geraldo', 'São Geraldo da Piedade', 'São Geraldo do Baixio', 'São Gonçalo do Rio Abaixo', 'São João da Mata', 'São João del-Rei', 'São João Nepomuceno', 'São Joaquim de Bicas', 'São José da Lapa', 'São José da Varginha', 'São José do Alegre', 'São José do Goiabal', 'São Pedro da União', 'São Roque de Minas', 'São Sebastião da Vargem Alegre', 'São Sebastião do Anta', 'São Sebastião do Rio Verde', 'São Tiago', 'São Vicente de Minas', 'Sapucaí-Mirim', 'Sapucaia', 'Sarzedo', 'Senador Cortes', 'Senhora de Oliveira', 'Senhora dos Remédios', 'Seritinga', 'Silveirânia', 'Tabuleiro', 'Tarumirim', 'Teixeiras', 'Tiradentes', 'Tiros', 'Tocantins', 'Tocos do Moji', 'Toledo', 'Tombos', 'Três Pontas', 'Turvolândia', 'Ubá', 'Varginha', 'Varjão de Minas', 'Veríssimo', 'Vieiras', 'Virgínia', 'Visconde do Rio Branco']),
('uberaba', 'Uberaba', ARRAY['Água Boa', 'Água Comprida', 'Araxá', 'Campo Florido', 'Campos Altos', 'Canápolis', 'Capinópolis', 'Carneirinho', 'Centralina', 'Comendador Gomes', 'Conceição das Alagoas', 'Conquista', 'Delta', 'Douradoquara', 'Frutal', 'Gurinhatã', 'Ibiá', 'Indianópolis', 'Iraí de Minas', 'Itapagipe', 'Ituiutaba', 'Iturama', 'Limeira do Oeste', 'Monte Alegre de Minas', 'Nova Ponte', 'Patos de Minas', 'Pedrinópolis', 'Perdizes', 'Pirajuba', 'Planura', 'Prata', 'Rio Paranaíba', 'Santa Juliana', 'Santa Vitória', 'São Francisco de Sales', 'São Sebastião do Oeste', 'Tapira', 'Uberaba', 'Uberlândia', 'União de Minas', 'Veríssimo']),
('uberlandia', 'Uberlândia', ARRAY['Abadia dos Dourados', 'Araguari', 'Araporã', 'Araújos', 'Arinos', 'Buritis', 'Cabeceira Grande', 'Campina Verde', 'Campos Altos', 'Canápolis', 'Capinópolis', 'Carneirinho', 'Cascalho Rico', 'Centralina', 'Chapada Gaúcha', 'Comendador Gomes', 'Conceição das Alagoas', 'Conquista', 'Coromandel', 'Cruzeiro da Fortaleza', 'Diamantina', 'Douradoquara', 'Estrela do Sul', 'Felixlândia', 'Formoso', 'Frutal', 'Gurinhatã', 'Guimarânia', 'Ibiá', 'Indianópolis', 'Iraí de Minas', 'Itapagipe', 'Ituiutaba', 'Iturama', 'João Pinheiro', 'Lagoa Formosa', 'Lassance', 'Limeira do Oeste', 'Matutina', 'Monte Carmelo', 'Monteiro Lobato', 'Nova Ponte', 'Novo Horizonte', 'Olhos d''Água', 'Paracatu', 'Patos de Minas', 'Pedrinópolis', 'Perdizes', 'Pianço', 'Piumhi', 'Planura', 'Prata', 'Presidente Olegário', 'Rio Paranaíba', 'Romaria', 'Santa Juliana', 'Santa Rosa da Serra', 'São Francisco de Sales', 'São Gonçalo do Abaeté', 'São Gotardo', 'São Sebastião do Oeste', 'Tapira', 'Tiros', 'Tupaciguara', 'Uberaba', 'Uberlândia', 'Unaí', 'União de Minas', 'Urucuia', 'Vazante', 'Veríssimo']),
('varginha', 'Varginha', ARRAY['Abre Campo', 'Aguanil', 'Albertina', 'Alfenas', 'Alterosa', 'Andradas', 'Areado', 'Arinos', 'Bandeira do Sul', 'Belmonte', 'Bocaina de Minas', 'Bom Repouso', 'Bom Sucesso', 'Borda da Mata', 'Botelhos', 'Brasópolis', 'Cabo Verde', 'Cachoeira de Minas', 'Caldas', 'Cambuquira', 'Cambuí', 'Campanha', 'Campestre', 'Campos do Jordão', 'Cananéia', 'Capetinga', 'Capitólio', 'Caputira', 'Carmo da Cachoeira', 'Carmo de Minas', 'Carmo do Rio Claro', 'Carrancas', 'Carvalhópolis', 'Carvalhos', 'Cassia', 'Caxambu', 'Claraval', 'Conceição da Aparecida', 'Conceição das Pedras', 'Conceição do Rio Verde', 'Conceição dos Ouros', 'Congonhal', 'Conselheiro Lafaiete', 'Cordislândia', 'Cristais', 'Cristina', 'Cruzília', 'Delta', 'Delfim Moreira', 'Delfinópolis', 'Divisa Nova', 'Dom Viçoso', 'Elói Mendes', 'Espírito Santo do Dourado', 'Estiva', 'Extrema', 'Fama', 'Formiga', 'Fortuna de Minas', 'Gonçalves', 'Guapé', 'Guaranésia', 'Guarani', 'Guaxupé', 'Ibiraci', 'Ibitiúra de Minas', 'Igaratinga', 'Ijaci', 'Ilhabela', 'Ilópolis', 'Inconfidentes', 'Ipanema', 'Ipuiúna', 'Itabirito', 'Itajubá', 'Itamogi', 'Itanhandu', 'Itapecerica', 'Itapeva', 'Itatiaiuçu', 'Itaú de Minas', 'Itumirim', 'Itutinga', 'Jacuí', 'Jacutinga', 'Jesuânia', 'Juruaia', 'Lambari', 'Lavras', 'Livramento', 'Lorena', 'Lumiar', 'Macaia', 'Machado', 'Maria da Fé', 'Minduri', 'Monsenhor Paulo', 'Monte Alegre de Minas', 'Monte Belo', 'Monte Santo de Minas', 'Muzambinho', 'Natalândia', 'Natércia', 'Nepomuceno', 'Nova Resende', 'Olímpio Noronha', 'Ouro Fino', 'Paraguaçu', 'Paraisópolis', 'Passa Quatro', 'Passa Tempo', 'Passos', 'Pedralva', 'Piedade do Rio Grande', 'Pimenta', 'Piumhi', 'Piranguçu', 'Piranguinho', 'Pirapetinga', 'Poços de Caldas', 'Pouso Alegre', 'Prados', 'Quartel Geral', 'Queluzito', 'Resende Costa', 'Ribeirão Vermelho', 'Rio Manso', 'Sacramento', 'Santa Rita de Caldas', 'Santa Rita de Jacutinga', 'Santa Rita do Sapucaí', 'Santa Rosa de Viterbo', 'Santo Antônio do Amparo', 'Santo Antônio do Jardim', 'São Bento Abade', 'São Gonçalo do Sapucaí', 'São João Batista do Glória', 'São João da Mata', 'São José do Alegre', 'São Lourenço', 'São Pedro da União', 'São Roque de Minas', 'São Sebastião da Bela Vista', 'São Sebastião do Paraíso', 'São Sebastião do Rio Preto', 'São Thomé das Letras', 'São Tiago', 'Sapucaí-Mirim', 'Senador Amaral', 'Senador José Bento', 'Seritinga', 'Silvianópolis', 'Soledade de Minas', 'Tambaú', 'Taparuba', 'Tiradentes', 'Tocos do Moji', 'Toledo', 'Três Corações', 'Três Pontas', 'Turvolândia', 'Varginha', 'Virgínia', 'Wenceslau Braz']);

-- =====================================================
-- INSERIR USUÁRIO SUPERADMIN (PARA TESTE)
-- =====================================================

-- ⚠️  IMPORTANTE: Altere o email e senha abaixo para um usuário real
-- INSERT INTO auth.users (id, email, encrypted_password, email_confirmed_at, created_at, updated_at)
-- VALUES (
--   '00000000-0000-0000-0000-000000000001',
--   'admin@teste.com',
--   crypt('senha123', gen_salt('bf')),
--   NOW(),
--   NOW(),
--   NOW()
-- );

-- -- Inserir perfil do superadmin
-- INSERT INTO public.profiles (id, nome, email, role, ativo, microregiao_id, first_access)
-- VALUES (
--   '00000000-0000-0000-0000-000000000001',
--   'Super Admin',
--   'admin@teste.com',
--   'superadmin',
--   true,
--   'all',
--   false
-- );

-- =====================================================
-- INSERIR OBJETIVOS E ATIVIDADES DE EXEMPLO
-- =====================================================

-- Objetivos para cada microrregião
INSERT INTO public.objectives (microregiao_id, title, description, status) VALUES
('almenara', 'Fortalecimento da Agricultura Familiar', 'Desenvolver ações para apoiar os pequenos produtores rurais da região', 'ativo'),
('aracuai', 'Educação de Qualidade', 'Implementar programas de melhoria da educação básica', 'ativo'),
('capelinha', 'Saúde Preventiva', 'Expandir programas de prevenção e promoção da saúde', 'ativo'),
('diamantina', 'Preservação Ambiental', 'Proteger e recuperar áreas de preservação ambiental', 'ativo'),
('governador_valadares', 'Desenvolvimento Econômico', 'Fomentar o crescimento econômico sustentável', 'ativo');

-- Atividades para os objetivos
INSERT INTO public.activities (objective_id, microregiao_id, title, description, status) VALUES
((SELECT id FROM public.objectives WHERE microregiao_id = 'almenara' LIMIT 1), 'almenara', 'Capacitação Técnica', 'Cursos de capacitação para agricultores', 'ativo'),
((SELECT id FROM public.objectives WHERE microregiao_id = 'aracuai' LIMIT 1), 'aracuai', 'Reforma Escolar', 'Reforma e ampliação de escolas municipais', 'ativo'),
((SELECT id FROM public.objectives WHERE microregiao_id = 'capelinha' LIMIT 1), 'capelinha', 'Campanhas de Vacinação', 'Ampliar cobertura vacinal na população', 'ativo'),
((SELECT id FROM public.objectives WHERE microregiao_id = 'diamantina' LIMIT 1), 'diamantina', 'Reflorestamento', 'Projeto de recuperação de matas nativas', 'ativo'),
((SELECT id FROM public.objectives WHERE microregiao_id = 'governador_valadares' LIMIT 1), 'governador_valadares', 'Incentivo ao Empreendedorismo', 'Programa de apoio a microempreendedores', 'ativo');

-- =====================================================
-- FIM DO SCRIPT DE SEED
-- =====================================================

-- ✅ PRÓXIMOS PASSOS:
-- 1. Execute este script APÓS o reset completo
-- 2. Verifique se os dados foram inseridos corretamente
-- 3. Crie um usuário superadmin manualmente no Dashboard do Supabase
-- 4. Teste o login da aplicação
--
-- =====================================================